label,status,publish_count,receive_count,publish_per_second,publish_p50_ms,publish_p95_ms,publish_p99_ms,e2e_p95_ms,synthetic_db_p95_ms,duplicates
baseline-1,passed,0,0,0.0,None,None,None,None,0.529445,0
baseline-2,passed,0,0,0.0,None,None,None,None,0.49278,0
baseline-3,passed,0,0,0.0,None,None,None,None,0.42341,0
echoo-1,passed,5000,5000,502.7626921547278,1.891311,3.611325,5.446894,5.555463,2.293523,0
echoo-2,passed,5000,5000,543.6706776231282,1.774423,3.110984,5.22186,5.178168,1.556407,0
echoo-3,passed,5000,5000,584.8575582797569,1.547797,3.093723,5.346803,4.825198,1.587137,0
rabbitmq-1,passed,5000,5000,602.6492976582181,1.494959,2.628242,5.326792,2.490961,1.950766,0
rabbitmq-2,passed,5000,5000,470.3327828853381,1.941807,3.365842,6.44521,3.253202,1.931917,0
rabbitmq-3,passed,5000,5000,525.0781977379,1.709114,3.234957,6.947625,3.378658,1.905833,0
