label,variant,poll_ms,producers,consumers,rate,repetition,duration_seconds,status,e2e_p50_ms,e2e_p95_ms,e2e_p99_ms,publish_p95_ms,db_p95_ms,worker_cpu_cores,stack_sampled_cpu_cores,all_phase_messages,all_phase_claim_calls,all_phase_empty_claims,all_phase_empty_claims_per_message,offered_load_achieved_fraction,db_transactions_per_second,duplicates,missing_confirmed,publish_failures,checksum_or_run_failures,queue_drained
base-p2-1x1-200-r1,base,2,1,1,200,1,8.0,passed,1.130945,1.608135,3.495103,1.192923,0.709486,0.23181881942986407,0.2719172098177325,1999,6782,4783,2.392696348174087,0.999375,200.0,0,0,0,0,True
base-p2-1x1-200-r2,base,2,1,1,200,2,12.0,passed,1.598461,4.911826,6.092626,3.17638,2.840158,0.22616541178366323,0.2739114431602144,2794,8878,6084,2.1775232641374376,0.9979166666666667,199.25,0,0,0,0,True
base-p2-1x1-400-r1,base,2,1,1,400,1,12.0,passed,1.095715,1.506993,3.535768,1.273738,1.038912,0.36072992304994933,0.4068697969284312,5579,11946,6367,1.1412439505287686,0.9966666666666667,200.0,0,0,0,0,True
base-p2-1x1-400-r2,base,2,1,1,400,2,12.0,passed,1.107728,1.597118,3.677031,1.272564,1.11679,0.36566212059194936,0.4101118737831726,5578,11942,6364,1.1409107206884188,0.99625,199.83333333333334,0,0,0,0,True
base-p2-4x4-200-r1,base,2,4,4,200,1,8.0,passed,1.495649,3.668377,4.422194,1.532823,0.997348,0.32312708809824675,0.36747786489604534,2000,21055,19055,9.5275,1.0,200.0,0,0,0,0,True
base-p2-4x4-200-r2,base,2,4,4,200,2,12.0,passed,1.483617,3.721549,4.835166,1.868055,1.311196,0.3052622567426244,0.3550149449962566,2800,27418,24618,8.792142857142856,1.0,199.75,0,0,0,0,True
base-p2-4x4-400-r1,base,2,4,4,400,1,12.0,passed,2.432238,5.270618,7.604546,3.732847,3.471906,0.44185187907901424,0.4925423432180981,5583,31172,25589,4.5833781121260975,0.99875,197.25,0,0,0,0,True
base-p2-4x4-400-r2,base,2,4,4,400,2,12.0,passed,2.766784,5.745092,7.737782,4.666686,4.321476,0.4242111215234944,0.4794338710709315,5597,31191,25594,4.572806860818296,0.9997916666666666,196.58333333333334,0,0,0,0,True
base-p50-1x1-200-r1,base,50,1,1,200,1,8.0,passed,28.399777,51.345649,53.595212,1.60009,1.607739,0.16495617289783757,0.20556076930345912,1999,2224,225,0.11255627813906953,0.999375,199.5,0,0,0,0,True
base-p50-4x4-200-r1,base,50,4,4,200,1,8.0,passed,28.088059,51.791951,52.623956,1.835057,0.900224,0.14972306632276974,0.19032593176623272,2000,2876,876,0.438,1.0,200.0,0,0,0,0,True
base-p50-4x4-200-r2,base,50,4,4,200,2,12.0,passed,27.739618,51.777992,57.742449,2.495684,0.992453,0.1516128293051625,0.189306626646225,2798,3949,1151,0.4113652609006433,0.9991666666666666,198.66666666666666,0,0,0,0,True
combined-p2-1x1-200-r1,combined,2,1,1,200,1,8.0,passed,1.112216,1.31461,2.033174,1.181405,0.719548,0.23097673359902457,0.27031892448677053,1999,8837,6838,3.420710355177589,0.999375,200.0,0,0,0,0,True
combined-p2-4x4-200-r1,combined,2,4,4,200,1,8.0,passed,1.286575,1.802523,2.744015,1.637202,0.835063,0.343705501017134,0.3880955103735904,2000,28739,26739,13.3695,1.0,200.0,0,0,0,0,True
combined-p50-1x1-200-r1,combined,50,1,1,200,1,8.0,passed,1.27175,2.935694,5.197164,2.211325,2.28394,0.21425781190434995,0.25811175001342745,2000,4036,2036,1.018,1.0,198.875,0,0,0,0,True
combined-p50-4x4-200-r1,combined,50,4,4,200,1,8.0,passed,1.345722,1.693696,2.492121,1.50065,0.822977,0.24737414143910644,0.29558038438621437,2000,10165,8165,4.0825,1.0,200.0,0,0,0,0,True
deadline-p2-1x1-200-r1,deadline,2,1,1,200,1,8.0,passed,3.34406,3.545068,4.201564,1.050568,0.664653,0.25385357552686244,0.2932008797335261,2000,6817,4817,2.4085,1.0,200.0,0,0,0,0,True
deadline-p2-4x4-200-r1,deadline,2,4,4,200,1,8.0,passed,2.378063,3.572148,4.935263,1.608083,1.473448,0.3258309488686409,0.37147263820432597,2000,23911,21911,10.9555,1.0,200.0,0,0,0,0,True
deadline-p50-1x1-200-r1,deadline,50,1,1,200,1,8.0,passed,26.952634,48.434107,50.45513,1.754122,1.42886,0.15465465161341638,0.19427691772925032,1999,2231,232,0.11605802901450725,1.0,200.0,0,0,0,0,True
deadline-p50-4x4-200-r1,deadline,50,4,4,200,1,8.0,passed,28.043811,49.837533,51.821685,1.905819,1.065146,0.16091923904579203,0.20306475403397567,2000,2921,921,0.4605,1.0,200.0,0,0,0,0,True
wake-p2-1x1-200-r1,wake,2,1,1,200,1,8.0,passed,1.273991,1.568255,2.72425,1.440404,0.741401,0.23353919610815785,0.27669317799770876,2000,6881,4881,2.4405,1.0,200.0,0,0,0,0,True
wake-p2-1x1-200-r2,wake,2,1,1,200,2,12.0,passed,1.131762,1.953004,4.207615,1.570498,1.504107,0.22318557989568402,0.26545557608804843,2796,9327,6531,2.3358369098712446,0.9983333333333333,199.25,0,0,0,0,True
wake-p2-1x1-400-r1,wake,2,1,1,400,1,12.0,passed,1.091681,1.341393,2.252542,1.250636,1.09572,0.3649195570355352,0.41273660244019156,5582,12046,6464,1.158007882479398,0.9964583333333333,200.0,0,0,0,0,True
wake-p2-1x1-400-r2,wake,2,1,1,400,2,12.0,passed,1.117497,1.526176,2.765505,1.379531,1.032016,0.36991815640644854,0.41521425719091165,5570,12078,6508,1.1684021543985637,0.9939583333333334,200.0,0,0,0,0,True
wake-p2-4x4-200-r1,wake,2,4,4,200,1,8.0,passed,1.350758,1.716509,2.469723,1.602442,0.694485,0.3096010810081083,0.3489356445788106,2000,24757,22757,11.3785,1.0,200.0,0,0,0,0,True
wake-p2-4x4-200-r2,wake,2,4,4,200,2,12.0,passed,1.285061,2.625986,3.960635,1.551305,0.991948,0.2965086541688571,0.33671321744599025,2800,30754,27954,9.983571428571429,1.0,199.91666666666666,0,0,0,0,True
wake-p2-4x4-400-r1,wake,2,4,4,400,1,12.0,passed,1.310819,1.762764,2.811896,1.596001,1.024521,0.4914693126827863,0.5434677723864259,5600,40388,34788,6.212142857142857,1.0,200.0,0,0,0,0,True
wake-p2-4x4-400-r2,wake,2,4,4,400,2,12.0,passed,1.953477,4.894487,9.018754,4.573718,4.756662,0.4675837132894296,0.5215032766237062,5577,39517,33940,6.08570916263224,0.9952083333333334,193.5,0,0,0,0,True
wake-p50-1x1-200-r1,wake,50,1,1,200,1,8.0,passed,1.383468,3.774809,4.95571,3.226076,4.110308,0.21805913568741872,0.2634356032293093,1992,4020,2028,1.0180722891566265,0.995,198.375,0,0,0,0,True
wake-p50-4x4-200-r1,wake,50,4,4,200,1,8.0,passed,1.30536,1.555025,2.315769,1.414887,0.640697,0.2229456974879555,0.261773318960577,2000,10145,8145,4.0725,1.0,199.875,0,0,0,0,True
wake-p50-4x4-200-r2,wake,50,4,4,200,2,12.0,passed,1.389163,3.445718,4.136028,1.71859,1.859164,0.2391771425583214,0.27974429041273635,2800,14143,11343,4.051071428571428,1.0,199.33333333333334,0,0,0,0,True
