label,broker,profile,rate,status,failure_kind,observed_measurement_seconds,measurement_window_complete,measured_resource_sample_count,confirmed_publish_per_s,completed_per_s,publish_p95_ms,end_to_end_p95_ms,db_p95_ms,baseline_db_p95_ms,db_p95_increase_percent,provisional_db_p95_le_10_percent,offered_load_achieved_fraction,duplicates,missing_confirmed,publish_failures,backlog_max_client_outstanding,backlog_max_confirmed_not_received,backlog_confirmed_not_received_at_measurement_end
r1-baseline,baseline,0x0,0,passed,,120.0,True,237,0.0,0.0,,,0.824412,,,,,0,0,0,0,0,0
r1-echoo-1x1-200pps,echoo,1x1,200.0,passed,,120.0,True,237,157.60833333333332,157.60833333333332,2.361883,2.469221,1.750243,0.824412,112.30198007792218,False,0.788,0,0,0,1,1,0
r1-rabbitmq-1x1-200pps,rabbitmq,1x1,200.0,passed,,120.0,True,237,199.925,199.925,1.483081,1.141308,1.413398,0.824412,71.44316191418851,False,0.9996666666666667,0,0,0,1,0,0
r1-echoo-1x1-400pps,echoo,1x1,400.0,passed,,120.0,True,237,347.15,347.15,1.155188,1.623365,1.424864,0.824412,72.83397136383263,False,0.8678541666666667,0,0,0,2,1,0
r1-rabbitmq-1x1-400pps,rabbitmq,1x1,400.0,passed,,120.0,True,236,399.21666666666664,399.21666666666664,1.356184,1.022753,1.613421,0.824412,95.70566658418362,False,0.9980416666666667,0,0,0,1,0,0
r1-echoo-4x4-200pps,echoo,4x4,200.0,passed,,120.0,True,236,173.38333333333333,173.38333333333333,14.076521,15.255785,1.936176,0.824412,134.85538784006056,False,0.8669166666666667,0,0,0,5,2,0
r1-rabbitmq-4x4-200pps,rabbitmq,4x4,200.0,passed,,120.0,True,236,200.0,200.0,1.702242,1.34618,1.423703,0.824412,72.69314371940243,False,1.0,0,0,0,1,0,0
r1-echoo-4x4-400pps,echoo,4x4,400.0,passed,,120.0,True,236,326.53333333333336,326.53333333333336,7.335093,7.756733,2.543109,0.824412,208.47549526207766,False,0.8163333333333334,0,0,0,5,3,0
r1-rabbitmq-4x4-400pps,rabbitmq,4x4,400.0,passed,,120.0,True,235,400.0,400.0,1.709904,1.344487,1.664227,0.824412,101.86836193553708,False,1.0,0,0,0,1,1,0
r2-baseline,baseline,0x0,0,passed,,120.0,True,237,0.0,0.0,,,0.903829,,,,,0,0,0,0,0,0
r2-rabbitmq-4x4-400pps,rabbitmq,4x4,400.0,passed,,120.0,True,235,399.9916666666667,400.0,1.953434,1.567886,2.070185,0.903829,129.04609168327195,False,1.0,0,0,0,2,1,0
r2-echoo-4x4-400pps,echoo,4x4,400.0,passed,,120.0,True,236,328.51666666666665,328.51666666666665,8.458371,8.549179,2.20063,0.903829,143.47857835940206,False,0.8212916666666666,0,0,0,4,2,0
r2-rabbitmq-4x4-200pps,rabbitmq,4x4,200.0,passed,,120.0,True,236,200.0,200.0,1.634944,1.329316,1.415562,0.903829,56.618342628970744,False,1.0,0,0,0,1,0,0
r2-echoo-4x4-200pps,echoo,4x4,200.0,passed,,120.0,True,236,179.725,179.725,5.729975,7.406992,1.954524,0.903829,116.24931264652938,False,0.898625,0,0,0,5,2,0
r2-rabbitmq-1x1-400pps,rabbitmq,1x1,400.0,passed,,120.0,True,236,399.30833333333334,399.30833333333334,1.352439,1.015403,1.422221,0.903829,57.355097037160796,False,0.9982916666666667,0,0,0,1,0,0
r2-echoo-1x1-400pps,echoo,1x1,400.0,passed,,120.0,True,237,317.73333333333335,317.73333333333335,1.200895,1.80168,1.696715,0.903829,87.72522235953926,False,0.7943125,0,0,0,2,1,0
r2-rabbitmq-1x1-200pps,rabbitmq,1x1,200.0,passed,,120.0,True,237,199.40833333333333,199.40833333333333,1.380741,1.045487,1.267935,0.903829,40.284832639802445,False,0.9970416666666667,0,0,0,1,0,0
r2-echoo-1x1-200pps,echoo,1x1,200.0,passed,,120.0,True,237,181.15833333333333,181.15833333333333,1.661133,1.743092,1.356915,0.903829,50.12961522588897,False,0.9058333333333334,0,0,0,1,0,0
r3-baseline,baseline,0x0,0,passed,,120.0,True,237,0.0,0.0,,,0.796891,,,,,0,0,0,0,0,0
r3-echoo-1x1-200pps,echoo,1x1,200.0,passed,,120.0,True,237,135.80833333333334,135.80833333333334,3.760419,3.868498,2.551241,0.796891,220.14930523747918,False,0.679,0,0,0,1,1,0
r3-rabbitmq-1x1-200pps,rabbitmq,1x1,200.0,passed,,120.0,True,236,199.98333333333332,199.98333333333332,1.508839,1.219102,1.446697,0.796891,81.5426451045375,False,0.999875,0,0,0,1,0,0
r3-echoo-1x1-400pps,echoo,1x1,400.0,passed,,120.0,True,236,369.625,369.625,1.488808,1.512945,1.38069,0.796891,73.25958004294189,False,0.9240416666666667,0,0,0,1,1,0
r3-rabbitmq-1x1-400pps,rabbitmq,1x1,400.0,passed,,120.0,True,236,399.3833333333333,399.3833333333333,1.36022,1.032968,1.465545,0.796891,83.90783683088404,False,0.9984583333333333,0,0,0,1,0,0
r3-echoo-4x4-200pps,echoo,4x4,200.0,passed,,120.0,True,236,179.63333333333333,179.63333333333333,11.824594,12.277409,2.186675,0.796891,174.40076497287586,False,0.898125,0,0,0,6,1,0
r3-rabbitmq-4x4-200pps,rabbitmq,4x4,200.0,passed,,120.0,True,236,200.0,200.0,1.926612,1.539012,1.46899,0.796891,84.34014187636703,False,1.0,0,0,0,1,0,0
r3-echoo-4x4-400pps,echoo,4x4,400.0,passed,,120.0,True,236,388.8833333333333,388.8833333333333,3.640833,3.994103,1.850751,0.796891,132.2464427380909,False,0.9721875,0,0,0,5,2,0
r3-rabbitmq-4x4-400pps,rabbitmq,4x4,400.0,passed,,120.0,True,235,400.0,400.0,2.477803,2.071956,2.1629,0.796891,171.41729546449892,False,1.0,0,0,0,3,0,0
