pair,eligibility,metric,A,B,B_minus_A,relative_change_percent
1,valid_fixed_load_pair,confirm_ms.mean,0.9091800016672225,0.8943905580386925,-0.014789443628529964,-1.6266793815756575
1,valid_fixed_load_pair,confirm_ms.p50,0.844283,0.854108,0.009824999999999973,1.1637093249538433
1,valid_fixed_load_pair,confirm_ms.p95,1.322935,1.256645,-0.06628999999999996,-5.010828196396644
1,valid_fixed_load_pair,confirm_ms.p99,2.06919,1.832944,-0.23624599999999996,-11.417317887675848
1,valid_fixed_load_pair,confirm_ms.max,13.998877,8.330832,-5.668045000000001,-40.48928353324342
1,valid_fixed_load_pair,e2e_ms.mean,1.3150827130710236,1.1589174276184122,-0.15616528545261144,-11.874940176799164
1,valid_fixed_load_pair,e2e_ms.p50,1.042081,0.969902,-0.072179,-6.926428943623386
1,valid_fixed_load_pair,e2e_ms.p95,3.120846,3.069743,-0.0511029999999999,-1.6374726596570244
1,valid_fixed_load_pair,e2e_ms.p99,3.946239,3.692202,-0.25403699999999985,-6.437445882015758
1,valid_fixed_load_pair,e2e_ms.max,14.445901,15.081395,0.6354940000000013,4.39913024462788
1,valid_fixed_load_pair,db_ms.mean,0.5584301950975488,0.591327549533022,0.03289735443547326,5.891041480972681
1,valid_fixed_load_pair,db_ms.p50,0.460014,0.524421,0.06440700000000005,14.001095618829007
1,valid_fixed_load_pair,db_ms.p95,1.018641,0.92155,-0.09709099999999993,-9.531424711944636
1,valid_fixed_load_pair,db_ms.p99,1.80393,1.769578,-0.03435199999999994,-1.9042867517032214
1,valid_fixed_load_pair,db_ms.max,13.535065,14.095348,0.5602830000000001,4.139492495972497
1,valid_fixed_load_pair,publish_scheduling_lateness_ms.mean,0.09596074258086029,0.09841349983322215,0.0024527572523618535,2.5560007002812357
1,valid_fixed_load_pair,publish_scheduling_lateness_ms.p50,0.085957,0.087082,0.001125000000000001,1.3087939318496389
1,valid_fixed_load_pair,publish_scheduling_lateness_ms.p95,0.114566,0.121914,0.007347999999999993,6.41377022851457
1,valid_fixed_load_pair,publish_scheduling_lateness_ms.p99,0.316639,0.208183,-0.108456,-34.252255723394775
1,valid_fixed_load_pair,publish_scheduling_lateness_ms.max,2.416055,12.999935,10.58388,438.0645308157306
1,valid_fixed_load_pair,db_scheduling_lateness_ms.mean,0.1071867832249458,0.11361377768512342,0.00642699446017761,5.996069913479629
1,valid_fixed_load_pair,db_scheduling_lateness_ms.p50,0.086864,0.087246,0.00038200000000000733,0.4397679130595078
1,valid_fixed_load_pair,db_scheduling_lateness_ms.p95,0.141384,0.191118,0.049734,35.17654048548633
1,valid_fixed_load_pair,db_scheduling_lateness_ms.p99,0.567183,0.485851,-0.08133200000000002,-14.339639939843051
1,valid_fixed_load_pair,db_scheduling_lateness_ms.max,4.317469,14.872878,10.555409000000001,244.4814079730509
1,valid_fixed_load_pair,resources.owned_cpu_cores,0.23976049819225717,0.23444110611714675,-0.005319392075110424,-2.2186273865868245
1,valid_fixed_load_pair,resources.worker_cpu_cores,0.19794572776210262,0.19058881288660132,-0.0073569148755013025,-3.7166323106215593
1,valid_fixed_load_pair,resources.client_cpu_cores,0.262691178750729,0.261764458053102,-0.0009267206976270037,-0.35277952690843106
1,valid_fixed_load_pair,resources.owned_cpu_ms_per_delivered_in_sample_span,1.1993927125506074,1.1727978400269996,-0.026594872523607815,-2.2173615234873045
1,valid_fixed_load_pair,resources.worker_cpu_ms_per_delivered_in_sample_span,0.9902159244264508,0.9534255821802227,-0.036790342246228125,-3.715385840470875
1,valid_fixed_load_pair,resources.rss_sum_mib.mean,184.19680989583333,186.3162109375,2.119401041666663,1.1506176696899573
1,valid_fixed_load_pair,resources.rss_sum_mib.max,197.41796875,199.21875,1.80078125,0.912166841449169
1,valid_fixed_load_pair,resources.worker_rss_mib.mean,34.705859375,34.75123697916667,0.04537760416666714,0.13074911552068968
1,valid_fixed_load_pair,resources.worker_rss_mib.max,40.38671875,40.3359375,-0.05078125,-0.12573749879098983
1,valid_fixed_load_pair,resources.client_rss_sum_mib.mean,167.43776041666666,166.62688802083332,-0.8108723958333428,-0.48428287252260116
1,valid_fixed_load_pair,resources.client_rss_sum_mib.max,167.67578125,166.84375,-0.83203125,-0.49621432731508097
2,invalid_gate_or_drift,confirm_ms.mean,0.9498061060100167,0.9528005589264877,0.0029944529164710465,0.31526991640959956
2,invalid_gate_or_drift,confirm_ms.p50,0.862861,0.88875,0.02588900000000005,3.000367382463698
2,invalid_gate_or_drift,confirm_ms.p95,1.372039,1.294432,-0.07760699999999998,-5.656326095686781
2,invalid_gate_or_drift,confirm_ms.p99,2.672423,2.2016,-0.4708230000000002,-17.61783220695228
2,invalid_gate_or_drift,confirm_ms.max,27.575988,7.681016,-19.894972,-72.14599890310367
2,invalid_gate_or_drift,e2e_ms.mean,1.260266592821369,1.321937831138523,0.06167123831715404,4.893507347448622
2,invalid_gate_or_drift,e2e_ms.p50,1.000593,0.996192,-0.004401000000000099,-0.43983917536901673
2,invalid_gate_or_drift,e2e_ms.p95,3.169158,3.280546,0.11138800000000026,3.5147506056813826
2,invalid_gate_or_drift,e2e_ms.p99,4.264635,3.839965,-0.4246700000000003,-9.95794481825526
2,invalid_gate_or_drift,e2e_ms.max,27.664131,8.882102,-18.782029,-67.89307424838323
2,invalid_gate_or_drift,db_ms.mean,0.554838602103857,0.5379156495498499,-0.01692295255400711,-3.0500676214376687
2,invalid_gate_or_drift,db_ms.p50,0.480915,0.495712,0.014797000000000005,3.0768431011717334
2,invalid_gate_or_drift,db_ms.p95,0.870182,0.784873,-0.08530899999999997,-9.803581319769883
2,invalid_gate_or_drift,db_ms.p99,1.931672,1.445059,-0.48661299999999996,-25.191285062888525
2,invalid_gate_or_drift,db_ms.max,16.26266,7.852424,-8.410236000000001,-51.71500849184574
2,invalid_gate_or_drift,publish_scheduling_lateness_ms.mean,0.1055872348914858,0.09563072095349225,-0.009956513937993558,-9.429656859776724
2,invalid_gate_or_drift,publish_scheduling_lateness_ms.p50,0.087933,0.086272,-0.0016609999999999958,-1.8889381688330875
2,invalid_gate_or_drift,publish_scheduling_lateness_ms.p95,0.135308,0.111998,-0.02331000000000001,-17.227362757560538
2,invalid_gate_or_drift,publish_scheduling_lateness_ms.p99,0.309677,0.222649,-0.08702799999999997,-28.102829722581912
2,invalid_gate_or_drift,publish_scheduling_lateness_ms.max,6.841645,2.746488,-4.095157,-59.85632110406196
2,invalid_gate_or_drift,db_scheduling_lateness_ms.mean,0.12000767790950075,0.10389009053017673,-0.01611758737932402,-13.430463500409108
2,invalid_gate_or_drift,db_scheduling_lateness_ms.p50,0.087722,0.086274,-0.001447999999999991,-1.6506691593898837
2,invalid_gate_or_drift,db_scheduling_lateness_ms.p95,0.183563,0.118021,-0.065542,-35.70545262389479
2,invalid_gate_or_drift,db_scheduling_lateness_ms.p99,0.723143,0.501078,-0.22206499999999996,-30.708310804363727
2,invalid_gate_or_drift,db_scheduling_lateness_ms.max,8.990107,5.190371,-3.7997360000000002,-42.26574833870165
2,invalid_gate_or_drift,resources.owned_cpu_cores,0.24752293506779594,0.24759306567112935,7.013060333341259e-05,0.028332971776623417
2,invalid_gate_or_drift,resources.worker_cpu_cores,0.2030092737204539,0.20272947202772307,-0.0002798016927308411,-0.13782704977119975
2,invalid_gate_or_drift,resources.client_cpu_cores,0.2684308669127596,0.261423196042405,-0.007007670870354588,-2.610605460895854
2,invalid_gate_or_drift,resources.owned_cpu_ms_per_delivered_in_sample_span,1.239864864864865,1.238191632928475,-0.0016732319363899073,-0.13495276653171517
2,invalid_gate_or_drift,resources.worker_cpu_ms_per_delivered_in_sample_span,1.0168918918918919,1.0138326585695008,-0.0030592333223911083,-0.30084154931154794
2,invalid_gate_or_drift,resources.rss_sum_mib.mean,183.21744791666666,184.4087890625,1.1913411458333485,0.6502334572279445
2,invalid_gate_or_drift,resources.rss_sum_mib.max,196.69140625,197.35546875,0.6640625,0.3376164280181948
2,invalid_gate_or_drift,resources.worker_rss_mib.mean,34.78984375,34.60182291666667,-0.18802083333333286,-0.5404474785355551
2,invalid_gate_or_drift,resources.worker_rss_mib.max,40.51953125,40.2890625,-0.23046875,-0.5687843439699192
2,invalid_gate_or_drift,resources.client_rss_sum_mib.mean,167.53131510416668,169.1416015625,1.61028645833332,0.9611853505310908
2,invalid_gate_or_drift,resources.client_rss_sum_mib.max,167.76953125,169.3828125,1.61328125,0.961605625276496
