round,pair,order,metric,A,B,absolute_delta_B_minus_A,change_percent_B_vs_A
wake,1,BA,confirm_ms.mean,1.088099719266055,1.0706774889111221,-0.017422230354932955,-1.601161184627875
wake,1,BA,confirm_ms.p50,0.9748,0.972746,-0.0020540000000000003,-0.21070988920803835
wake,1,BA,confirm_ms.p95,1.756638,1.603607,-0.15303099999999992,-8.711584287713226
wake,1,BA,confirm_ms.p99,3.080524,2.827718,-0.2528060000000001,-8.206590826755455
wake,1,BA,confirm_ms.max,10.607509,11.335174,0.727665,6.8599046203967395
wake,1,BA,e2e_ms.mean,1.6032182849040868,1.1789079549774888,-0.424310329926598,-26.4661608417211
wake,1,BA,e2e_ms.p50,1.159654,1.067805,-0.09184900000000007,-7.920379699462088
wake,1,BA,e2e_ms.p95,3.596703,1.79844,-1.7982630000000002,-49.99753941317924
wake,1,BA,e2e_ms.p99,4.70867,3.006989,-1.7016809999999998,-36.13931322432874
wake,1,BA,e2e_ms.max,11.060871,13.449157,2.388285999999999,21.592205532457598
wake,1,BA,db_ms.mean,0.657203783855904,0.5730380532110092,-0.08416573064489474,-12.806641214249092
wake,1,BA,db_ms.p50,0.537701,0.500785,-0.03691599999999995,-6.865525635994718
wake,1,BA,db_ms.p95,1.251156,0.986207,-0.264949,-21.1763361243522
wake,1,BA,db_ms.p99,2.84507,1.939604,-0.9054660000000001,-31.825789875117305
wake,1,BA,db_ms.max,7.967217,9.288704,1.3214869999999994,16.586557137831193
wake,1,BA,resources.owned_cpu_cores,0.29001111010204966,0.27454356646985584,-0.015467543632193825,-5.333431407766098
wake,1,BA,resources.worker_cpu_cores,0.24010222138681317,0.22799932547128077,-0.012102895915532402,-5.040726339651069
wake,2,BA,confirm_ms.mean,1.0395928394526035,1.156584783639399,0.11699194418679548,11.253631205116555
wake,2,BA,confirm_ms.p50,0.961108,1.033979,0.07287100000000002,7.581978300045367
wake,2,BA,confirm_ms.p95,1.502114,1.806214,0.30410000000000004,20.244801659527845
wake,2,BA,confirm_ms.p99,2.539147,3.064275,0.525128,20.681276034825878
wake,2,BA,confirm_ms.max,16.975113,22.476366,5.501252999999998,32.40775481141125
wake,2,BA,e2e_ms.mean,1.4788484687917223,1.2781329459098498,-0.20071552288187244,-13.572419833241266
wake,2,BA,e2e_ms.p50,1.129001,1.126649,-0.0023519999999999097,-0.20832576764767685
wake,2,BA,e2e_ms.p95,3.417224,2.083406,-1.333818,-39.032208599728904
wake,2,BA,e2e_ms.p99,4.292239,3.296655,-0.9955840000000005,-23.194980521820906
wake,2,BA,e2e_ms.max,17.041527,16.290031,-0.7514959999999995,-4.4097926201096875
wake,2,BA,db_ms.mean,0.571310743747916,0.639109306588824,0.06779856284090802,11.86719549437063
wake,2,BA,db_ms.p50,0.494305,0.537581,0.04327599999999998,8.754918521965172
wake,2,BA,db_ms.p95,0.965415,1.166078,0.20066299999999992,20.785154570832233
wake,2,BA,db_ms.p99,1.992004,2.369202,0.3771979999999999,18.935604546978823
wake,2,BA,db_ms.max,8.255895,9.353662,1.0977669999999993,13.296765523301834
wake,2,BA,resources.owned_cpu_cores,0.27888134461514663,0.29128732069831353,0.012405976083166903,4.448478294698055
wake,2,BA,resources.worker_cpu_cores,0.23268213758700265,0.24139088150462093,0.008708743917618278,3.742764274013921
wake,3,AB,confirm_ms.mean,0.9315194530598633,1.1228541081622434,0.19133465510238012,20.54006005713378
wake,3,AB,confirm_ms.p50,0.862961,1.004184,0.141223,16.364934220665827
wake,3,AB,confirm_ms.p95,1.39992,1.774746,0.3748259999999999,26.774815703754484
wake,3,AB,confirm_ms.p99,2.264494,3.199583,0.9350890000000001,41.29350751205347
wake,3,AB,confirm_ms.max,14.076768,13.47817,-0.5985979999999991,-4.252382365042884
wake,3,AB,e2e_ms.mean,1.3347445060863765,1.2429719984977465,-0.09177250758862998,-6.875661010039846
wake,3,AB,e2e_ms.p50,1.063773,1.083508,0.019734999999999836,1.8551890299904006
wake,3,AB,e2e_ms.p95,3.235397,2.014662,-1.220735,-37.730609257534695
wake,3,AB,e2e_ms.p99,3.949643,3.664653,-0.2849900000000001,-7.215588851954468
wake,3,AB,e2e_ms.max,15.43398,24.668628,9.234647999999998,59.83322513052367
wake,3,AB,db_ms.mean,0.5516973675,0.6430669078464106,0.09136954034641065,16.561532776646914
wake,3,AB,db_ms.p50,0.492051,0.526784,0.034733000000000014,7.058821138459237
wake,3,AB,db_ms.p95,0.884153,1.204115,0.3199620000000001,36.188532980151635
wake,3,AB,db_ms.p99,1.874035,2.545782,0.6717470000000001,35.844954870106484
wake,3,AB,db_ms.max,5.394205,22.783372,17.389167,322.3675592603544
wake,3,AB,resources.owned_cpu_cores,0.2738878599155666,0.28115326963652565,0.007265409720959071,2.6526950567282714
wake,3,AB,resources.worker_cpu_cores,0.22902691734318933,0.23418010141676465,0.005153184073575318,2.25003424634731
four,1,BA,confirm_ms.p50,0.931204,0.939076,0.00787199999999999,0.845357193482843
four,1,BA,confirm_ms.p95,1.355633,1.533301,0.17766799999999994,13.105906982199444
four,1,BA,confirm_ms.p99,2.244364,2.844278,0.5999140000000001,26.729799622521135
four,1,BA,confirm_ms.max,17.727768,21.809736,4.081968,23.025842847221377
four,1,BA,confirm_ms.mean,0.9972827764058068,1.0274435002504592,0.030160723844652404,3.024290056763168
four,1,BA,e2e_ms.p50,1.039392,1.124255,0.08486299999999991,8.164677041962975
four,1,BA,e2e_ms.p95,3.230385,3.396036,0.165651,5.127902711286736
four,1,BA,e2e_ms.p99,3.776975,4.366573,0.5895979999999996,15.610323076006583
four,1,BA,e2e_ms.max,17.834459,27.166582,9.332123,52.32635876423277
four,1,BA,e2e_ms.mean,1.273019152844986,1.4913517002838537,0.21833254743886776,17.150766895449365
four,1,BA,db_ms.p50,0.479913,0.53068,0.05076700000000006,10.578375663922435
four,1,BA,db_ms.p95,0.80233,1.091005,0.288675,35.9795844602595
four,1,BA,db_ms.p99,1.590668,2.411024,0.8203559999999999,51.57304981303452
four,1,BA,db_ms.max,10.978052,17.558987,6.580934999999998,59.94629101775069
four,1,BA,db_ms.mean,0.534064524683122,0.6228085415831663,0.0887440169000443,16.61672191252528
four,1,BA,resources.owned_cpu_cores,0.26748365958177,0.26871379918273297,0.001230139600962965,0.45989336428489125
four,1,BA,resources.worker_cpu_cores,0.22464579732844744,0.21915178101477595,-0.005494016313671496,-2.4456350303490693
four,2,BA,confirm_ms.p50,0.924244,0.894629,-0.029614999999999947,-3.2042404386720347
four,2,BA,confirm_ms.p95,1.519972,1.336946,-0.18302600000000013,-12.04140602590048
four,2,BA,confirm_ms.p99,2.605909,2.183192,-0.422717,-16.221479721663346
four,2,BA,confirm_ms.max,9.235945,14.315949,5.080004000000001,55.00253628621652
four,2,BA,confirm_ms.mean,1.003058018348624,0.9542018555221888,-0.04885616282643512,-4.870721526843392
four,2,BA,e2e_ms.p50,1.106994,1.059613,-0.04738100000000012,-4.280149666574539
four,2,BA,e2e_ms.p95,3.377027,3.235209,-0.14181800000000022,-4.199492630648205
four,2,BA,e2e_ms.p99,4.240553,3.966169,-0.2743840000000004,-6.470476845826489
four,2,BA,e2e_ms.max,9.786215,12.803479,3.017263999999999,30.831777147753225
four,2,BA,e2e_ms.mean,1.4670767130942453,1.3423524472806139,-0.12472426581363139,-8.501550375683664
four,2,BA,db_ms.p50,0.525883,0.515838,-0.01004499999999997,-1.9101206922452318
four,2,BA,db_ms.p95,0.993428,1.111045,0.11761700000000008,11.839509254822712
four,2,BA,db_ms.p99,1.995249,1.827079,-0.16817000000000015,-8.428521953901502
four,2,BA,db_ms.max,14.90995,10.435278,-4.474672,-30.01131459193357
four,2,BA,db_ms.mean,0.6107011312979647,0.6186980110036678,0.007996879705703175,1.3094588000364116
four,2,BA,resources.owned_cpu_cores,0.2799128874644831,0.25018087893789015,-0.029732008526592968,-10.621879112431198
four,2,BA,resources.worker_cpu_cores,0.23303590992525042,0.20499996549088573,-0.02803594443436469,-12.030740001984075
four,3,AB,confirm_ms.p50,0.978806,0.936772,-0.042033999999999905,-4.294415849514599
four,3,AB,confirm_ms.p95,1.471999,1.630964,0.15896500000000002,10.799260053845149
four,3,AB,confirm_ms.p99,2.548463,2.841734,0.2932710000000003,11.507759775205685
four,3,AB,confirm_ms.max,9.453053,11.904879,2.4518259999999987,25.936869284452314
four,3,AB,confirm_ms.mean,1.0417719931632483,1.0327434069126733,-0.00902858625057501,-0.8666566494229255
four,3,AB,e2e_ms.p50,1.137906,1.065121,-0.0727850000000001,-6.396398296520111
four,3,AB,e2e_ms.p95,3.443237,3.390271,-0.05296600000000007,-1.5382618158436445
four,3,AB,e2e_ms.p99,4.020667,4.580806,0.5601389999999995,13.931494451045046
four,3,AB,e2e_ms.max,12.271106,24.028452,11.757346000000002,95.813254322797
four,3,AB,e2e_ms.mean,1.4532615692846422,1.413201565035899,-0.04006000424874312,-2.7565584266060483
four,3,AB,db_ms.p50,0.585323,0.547536,-0.037787000000000015,-6.4557517814950005
four,3,AB,db_ms.p95,1.31367,1.257456,-0.056213999999999986,-4.279156865879563
four,3,AB,db_ms.p99,2.520711,2.656495,0.13578400000000013,5.386734139693128
four,3,AB,db_ms.max,31.335531,23.375914,-7.959616999999998,-25.401251378187904
four,3,AB,db_ms.mean,0.7225708634162632,0.6759532142021721,-0.04661764921409106,-6.4516370053569805
four,3,AB,resources.owned_cpu_cores,0.2869410780404963,0.2691231511047162,-0.017817926935780104,-6.209611763313106
four,3,AB,resources.worker_cpu_cores,0.23771264397009384,0.22055957496551928,-0.017153069004574556,-7.215884152435981
seven_trace,1,BA,confirm_ms.p50,0.916552,0.83534,-0.08121200000000006,-8.860599289511129
seven_trace,1,BA,confirm_ms.p95,1.451453,1.329494,-0.12195900000000015,-8.402545587077237
seven_trace,1,BA,confirm_ms.p99,2.256647,1.956825,-0.29982200000000003,-13.28617191789412
seven_trace,1,BA,confirm_ms.max,5.305038,24.974475,19.669437000000002,370.7690123991572
seven_trace,1,BA,confirm_ms.mean,0.9694624374062344,0.8988523495663776,-0.07061008783985678,-7.283426888490063
seven_trace,1,BA,e2e_ms.p50,1.108171,1.101611,-0.006560000000000121,-0.5919664022971283
seven_trace,1,BA,e2e_ms.p95,3.326326,3.046033,-0.2802929999999999,-8.426504197123187
seven_trace,1,BA,e2e_ms.p99,4.024137,3.722102,-0.3020349999999996,-7.5055844271703425
seven_trace,1,BA,e2e_ms.max,17.664423,24.446449,6.782026000000002,38.39370241530109
seven_trace,1,BA,e2e_ms.mean,1.3782700431738624,1.2913167980320213,-0.0869532451418411,-6.30886853940511
seven_trace,1,BA,db_ms.p50,0.529087,0.443109,-0.085978,-16.250257519084766
seven_trace,1,BA,db_ms.p95,1.0414,0.755469,-0.28593100000000016,-27.45640483963896
seven_trace,1,BA,db_ms.p99,2.289086,1.490628,-0.7984580000000001,-34.88108354164064
seven_trace,1,BA,db_ms.max,29.155479,16.020315,-13.135164,-45.052128966908754
seven_trace,1,BA,db_ms.mean,0.62012497746996,0.4990066175783856,-0.12111835989157438,-19.531282288567642
seven_trace,1,BA,resources.owned_cpu_cores,0.28316721605197337,0.24728200456975657,-0.035885211482216794,-12.672798773298076
seven_trace,1,BA,resources.worker_cpu_cores,0.2349613685574112,0.20443778276844815,-0.030523585788963054,-12.990895472037922
seven_trace,2,BA,confirm_ms.p50,0.964804,0.886346,-0.07845800000000003,-8.132014378049846
seven_trace,2,BA,confirm_ms.p95,1.525781,1.332429,-0.19335199999999997,-12.672329777340263
seven_trace,2,BA,confirm_ms.p99,2.564522,2.344535,-0.21998700000000015,-8.578089796071165
seven_trace,2,BA,confirm_ms.max,18.314683,20.544126,2.229443,12.172981645382563
seven_trace,2,BA,confirm_ms.mean,1.0429780090150251,0.9526611729774812,-0.09031683603754392,-8.659514894550647
seven_trace,2,BA,e2e_ms.p50,1.095456,1.045928,-0.049528000000000016,-4.521222212485032
seven_trace,2,BA,e2e_ms.p95,3.391168,3.221827,-0.16934099999999974,-4.993589229433626
seven_trace,2,BA,e2e_ms.p99,4.269057,3.793529,-0.4755280000000002,-11.138947078945073
seven_trace,2,BA,e2e_ms.max,18.045408,12.623223,-5.422184999999999,-30.04745029871311
seven_trace,2,BA,e2e_ms.mean,1.4813228856427378,1.3262360900750625,-0.15508679556767535,-10.469479481536803
seven_trace,2,BA,db_ms.p50,0.522818,0.491391,-0.03142699999999998,-6.011078424996841
seven_trace,2,BA,db_ms.p95,0.937454,0.948681,0.011226999999999987,1.1976054291730653
seven_trace,2,BA,db_ms.p99,1.961427,1.776378,-0.18504900000000002,-9.434406684521013
seven_trace,2,BA,db_ms.max,7.878043,4.938375,-2.939668,-37.31469858694603
seven_trace,2,BA,db_ms.mean,0.5831082106053026,0.5570172129043014,-0.026090997701001206,-4.474469271135306
seven_trace,2,BA,resources.owned_cpu_cores,0.2866405699178256,0.2448598605339449,-0.041780709383880704,-14.575992992149867
seven_trace,2,BA,resources.worker_cpu_cores,0.23898143209656034,0.2006771584265802,-0.03830427366998013,-16.028137974544943
seven_trace,3,AB,confirm_ms.p50,0.937392,0.932169,-0.005222999999999978,-0.5571841876184092
seven_trace,3,AB,confirm_ms.p95,1.657558,1.508887,-0.148671,-8.969278903061007
seven_trace,3,AB,confirm_ms.p99,2.872811,2.508761,-0.3640500000000002,-12.672257242122797
seven_trace,3,AB,confirm_ms.max,19.240803,5.429504,-13.811299,-71.78130247474598
seven_trace,3,AB,confirm_ms.mean,1.0352581343009677,1.008613795731199,-0.026644338569768777,-2.5736903374113274
seven_trace,3,AB,e2e_ms.p50,1.179147,1.142482,-0.03666499999999995,-3.109451154096987
seven_trace,3,AB,e2e_ms.p95,3.529617,3.283891,-0.2457259999999999,-6.961831836145393
seven_trace,3,AB,e2e_ms.p99,4.611233,3.973758,-0.6374750000000002,-13.824393605788298
seven_trace,3,AB,e2e_ms.max,19.358225,6.263645,-13.09458,-67.64349520681778
seven_trace,3,AB,e2e_ms.mean,1.5510664661327995,1.4059755951308988,-0.14509087100190077,-9.354265221376934
seven_trace,3,AB,db_ms.p50,0.545853,0.621506,0.07565299999999997,13.85959223453932
seven_trace,3,AB,db_ms.p95,1.270265,1.189773,-0.08049200000000001,-6.336630545594812
seven_trace,3,AB,db_ms.p99,2.597426,1.975166,-0.62226,-23.956794149284722
seven_trace,3,AB,db_ms.max,14.959183,9.638328,-5.320855,-35.56915508019388
seven_trace,3,AB,db_ms.mean,0.6650717119266055,0.7043771120934111,0.039305400166805615,5.909949177201379
seven_trace,3,AB,resources.owned_cpu_cores,0.29294149818694076,0.262093630652504,-0.030847867534436746,-10.530384983131057
seven_trace,3,AB,resources.worker_cpu_cores,0.24439883335504264,0.21318297885763518,-0.031215854497407464,-12.772505526677215
seven_untraced,1,BA,confirm_ms.mean,1.1326361373239437,1.0856013919799499,-0.04703474534399388,-4.152679205090692
seven_untraced,1,BA,confirm_ms.p50,0.98197,0.96246,-0.019510000000000027,-1.986822408016542
seven_untraced,1,BA,confirm_ms.p95,1.990911,1.809778,-0.181133,-9.097995842104446
seven_untraced,1,BA,confirm_ms.p99,3.962684,3.340391,-0.622293,-15.703825992685761
seven_untraced,1,BA,confirm_ms.max,28.169249,30.180138,2.010888999999999,7.13859641767518
seven_untraced,1,BA,e2e_ms.mean,1.5766151403420523,1.495929426566416,-0.08068571377563627,-5.117654379377024
seven_untraced,1,BA,e2e_ms.p50,1.163244,1.108766,-0.054478000000000026,-4.683282269240163
seven_untraced,1,BA,e2e_ms.p95,3.647009,3.527403,-0.1196060000000001,-3.2795641579168033
seven_untraced,1,BA,e2e_ms.p99,5.513081,4.660311,-0.8527699999999996,-15.468120276121455
seven_untraced,1,BA,e2e_ms.max,28.366967,30.521558,2.154591,7.595422520849682
seven_untraced,1,BA,db_ms.mean,0.6794172131257324,0.7134624498997996,0.03404523677406712,5.010947046430925
seven_untraced,1,BA,db_ms.p50,0.535757,0.570661,0.034903999999999935,6.514893879128025
seven_untraced,1,BA,db_ms.p95,1.371753,1.322453,-0.0492999999999999,-3.5939414748865084
seven_untraced,1,BA,db_ms.p99,3.176514,3.002255,-0.17425900000000016,-5.48585650810921
seven_untraced,1,BA,db_ms.max,27.007816,32.385553,5.377737000000003,19.911780352769014
seven_untraced,1,BA,resources.owned_cpu_cores,0.30316143116053257,0.27499172460751226,-0.028169706553020313,-9.29198230961763
seven_untraced,1,BA,resources.worker_cpu_cores,0.2528058036118339,0.22390223961185224,-0.028903563999981674,-11.433109361825068
seven_untraced,2,BA,confirm_ms.mean,1.0637430120100084,1.0051223661266075,-0.05862064588340088,-5.510790221092366
seven_untraced,2,BA,confirm_ms.p50,0.98131,0.911044,-0.07026600000000005,-7.160428406925446
seven_untraced,2,BA,confirm_ms.p95,1.572917,1.615264,0.042347000000000135,2.6922590321040607
seven_untraced,2,BA,confirm_ms.p99,2.609815,3.048426,0.43861099999999986,16.806210401886723
seven_untraced,2,BA,confirm_ms.max,9.44145,31.067909,21.626459,229.05866154033544
seven_untraced,2,BA,e2e_ms.mean,1.5159531127606338,1.4526005141139136,-0.06335259864672027,-4.1790605602142765
seven_untraced,2,BA,e2e_ms.p50,1.144766,1.085386,-0.05937999999999999,-5.187086269158936
seven_untraced,2,BA,e2e_ms.p95,3.446976,3.358588,-0.08838799999999969,-2.5642186078464024
seven_untraced,2,BA,e2e_ms.p99,4.08523,4.361275,0.2760449999999999,6.7571470884136176
seven_untraced,2,BA,e2e_ms.max,9.903126,31.107664,21.204538,214.11964262597488
seven_untraced,2,BA,db_ms.mean,0.6256343587391594,0.6466683147343802,0.021033955995220843,3.3620205958014404
seven_untraced,2,BA,db_ms.p50,0.541927,0.527896,-0.014031000000000016,-2.5890941030803027
seven_untraced,2,BA,db_ms.p95,1.042171,1.168502,0.12633099999999997,12.121907057479042
seven_untraced,2,BA,db_ms.p99,2.06284,2.705835,0.642995,31.170376762133767
seven_untraced,2,BA,db_ms.max,17.532988,23.439018,5.906030000000001,33.685245207491164
seven_untraced,2,BA,resources.owned_cpu_cores,0.2833360112105606,0.26465759146718615,-0.018678419743374475,-6.592321132626388
seven_untraced,2,BA,resources.worker_cpu_cores,0.23543873312496585,0.21678322460305824,-0.018655508521907616,-7.923721077791257
seven_untraced,3,AB,confirm_ms.mean,1.0610938063598327,1.032408146867168,-0.028685659492664772,-2.703404667969289
seven_untraced,3,AB,confirm_ms.p50,0.94866,0.961119,0.012458999999999998,1.3133261653279327
seven_untraced,3,AB,confirm_ms.p95,1.715045,1.462865,-0.25217999999999985,-14.703987358932268
seven_untraced,3,AB,confirm_ms.p99,2.926447,2.520991,-0.40545600000000004,-13.854889564034478
seven_untraced,3,AB,confirm_ms.max,39.730066,24.560751,-15.169315000000001,-38.180945886170946
seven_untraced,3,AB,e2e_ms.mean,1.6677005235146443,1.3987124546365914,-0.2689880688780528,-16.12927891340863
seven_untraced,3,AB,e2e_ms.p50,1.234255,1.114921,-0.11933400000000005,-9.668504482461081
seven_untraced,3,AB,e2e_ms.p95,3.561289,3.302574,-0.25871500000000003,-7.264644908065588
seven_untraced,3,AB,e2e_ms.p99,4.721989,4.216886,-0.5051030000000001,-10.696827120944164
seven_untraced,3,AB,e2e_ms.max,35.499023,24.920693,-10.578330000000001,-29.79893277626261
seven_untraced,3,AB,db_ms.mean,0.7073527802473262,0.6481346701151344,-0.059218110132191804,-8.37179294205731
seven_untraced,3,AB,db_ms.p50,0.546013,0.545282,-0.0007309999999999262,-0.13387959627333412
seven_untraced,3,AB,db_ms.p95,1.414022,1.224135,-0.18988699999999992,-13.428857542527616
seven_untraced,3,AB,db_ms.p99,2.827923,2.153972,-0.6739510000000002,-23.832013813671736
seven_untraced,3,AB,db_ms.max,31.830448,14.365283,-17.465165,-54.86936596054193
seven_untraced,3,AB,resources.owned_cpu_cores,0.29296617874321457,0.2555662919220773,-0.03739988682113726,-12.765940075942462
seven_untraced,3,AB,resources.worker_cpu_cores,0.24408229391264372,0.20735259832727906,-0.03672969558536465,-15.048078660924947
