pair,order,metric,A,B,absolute_delta_B_minus_A,change_percent_B_vs_A
1,BA,confirm_ms.mean,0.9670646783391695,1.1520448473103908,0.18498016897122127,19.128003856878006
1,BA,confirm_ms.p50,0.911915,1.029101,0.11718600000000001,12.850539798117143
1,BA,confirm_ms.p95,1.341263,1.90386,0.562597,41.945315721077826
1,BA,confirm_ms.p99,2.08899,3.296714,1.2077240000000002,57.81377603530895
1,BA,confirm_ms.max,8.13079,24.546064,16.415274000000004,201.8902714250399
1,BA,e2e_ms.mean,1.38530663965316,1.8082115910457734,0.4229049513926135,30.527894639882504
1,BA,e2e_ms.p50,1.085707,1.327362,0.24165499999999995,22.257846730287255
1,BA,e2e_ms.p95,3.290346,3.740737,0.4503910000000002,13.688256493390071
1,BA,e2e_ms.p99,3.897317,4.562938,0.6656209999999998,17.078954573107595
1,BA,e2e_ms.max,7.868991,25.011997,17.143006,217.85519897023647
1,BA,db_ms.mean,0.5930343063198266,0.8005421087355938,0.20750780241576727,34.99085975371165
1,BA,db_ms.p50,0.513584,0.610569,0.09698499999999999,18.883960559518975
1,BA,db_ms.p95,1.013548,1.812504,0.798956,78.82764309139776
1,BA,db_ms.p99,2.124934,3.358754,1.2338199999999997,58.06392104413594
1,BA,db_ms.max,6.774435,28.316171,21.541736,317.9857213184568
1,BA,publish_scheduling_lateness_ms.mean,0.1029740732032683,0.12190367858336118,0.018929605380092876,18.382884925534903
1,BA,publish_scheduling_lateness_ms.p50,0.085986,0.091602,0.005615999999999996,6.5312957923382875
1,BA,publish_scheduling_lateness_ms.p95,0.123284,0.173341,0.05005699999999999,40.60299795593912
1,BA,publish_scheduling_lateness_ms.p99,0.580689,0.736085,0.15539599999999998,26.760624017331125
1,BA,publish_scheduling_lateness_ms.max,6.198954,26.313721,20.114767,324.486469814101
1,BA,db_scheduling_lateness_ms.mean,0.11060894147073537,0.1607105284783698,0.05010158700763444,45.29614544850353
1,BA,db_scheduling_lateness_ms.p50,0.086492,0.097854,0.011361999999999997,13.136475049715578
1,BA,db_scheduling_lateness_ms.p95,0.14592,0.419026,0.273106,187.16145833333334
1,BA,db_scheduling_lateness_ms.p99,0.77387,1.323423,0.5495530000000001,71.01360693656558
1,BA,db_scheduling_lateness_ms.max,9.257004,4.831475,-4.425529,-47.8073575424619
1,BA,resources.owned_cpu_cores,0.24086614780179802,0.2791438203176861,0.03827767251588807,15.891677956914751
1,BA,resources.worker_cpu_cores,0.19599892419165918,0.22587724590923874,0.029878321717579565,15.24412536487334
1,BA,resources.client_cpu_cores,0.2698780367527149,0.3374673479927582,0.0675893112400433,25.044391182515668
1,BA,resources.owned_cpu_ms_per_delivered_in_sample_span,1.2050632911392407,1.3991213247718823,0.19405803363264162,16.103555311952398
1,BA,resources.worker_cpu_ms_per_delivered_in_sample_span,0.9805907172995781,1.1321392362284555,0.15154851892887733,15.454818840853669
1,BA,resources.rss_sum_mib.mean,184.0236328125,184.52506510416666,0.5014322916666458,0.27248255237823926
1,BA,resources.rss_sum_mib.max,196.90625,197.8046875,0.8984375,0.45627678146324957
1,BA,resources.worker_rss_mib.mean,34.730143229166664,34.6451171875,-0.08502604166666572,-0.24481915063125914
1,BA,resources.worker_rss_mib.max,40.375,40.2421875,-0.1328125,-0.3289473684210509
1,BA,resources.client_rss_sum_mib.mean,167.437890625,166.69381510416667,-0.7440755208333201,-0.44438897196799054
1,BA,resources.client_rss_sum_mib.max,167.67578125,166.91015625,-0.765625,-0.45661036691904133
2,BA,confirm_ms.mean,1.0148773233283308,1.1179043573458132,0.10302703401748237,10.151673670232487
2,BA,confirm_ms.p50,0.918695,0.992226,0.07353100000000001,8.003853291897745
2,BA,confirm_ms.p95,1.567028,1.870781,0.30375299999999994,19.384018664631398
2,BA,confirm_ms.p99,2.487991,3.037184,0.5491929999999998,22.07375348222722
2,BA,confirm_ms.max,10.264924,24.765803,14.500878999999998,141.266306501636
2,BA,e2e_ms.mean,1.4798536740036685,1.7519592812970082,0.27210560729333966,18.38733194189206
2,BA,e2e_ms.p50,1.180945,1.271667,0.09072200000000019,7.682152852165025
2,BA,e2e_ms.p95,3.445595,3.682848,0.23725299999999994,6.885690279908108
2,BA,e2e_ms.p99,4.073847,4.905496,0.8316490000000005,20.414340548380938
2,BA,e2e_ms.max,11.611459,33.929237,22.317778,192.20476944370213
2,BA,db_ms.mean,0.6886390715238413,0.7884459426133512,0.09980687108950992,14.493350031483732
2,BA,db_ms.p50,0.554015,0.606975,0.05296000000000001,9.559307960975794
2,BA,db_ms.p95,1.444257,1.713663,0.26940600000000003,18.653605279392792
2,BA,db_ms.p99,2.528626,3.294632,0.766006,30.293368809780485
2,BA,db_ms.max,9.200731,27.443265,18.242534,198.27265898763918
2,BA,publish_scheduling_lateness_ms.mean,0.11218581624145406,0.12287601270265754,0.010690196461203477,9.529008941910533
2,BA,publish_scheduling_lateness_ms.p50,0.08831,0.089785,0.001475000000000004,1.6702525195334772
2,BA,publish_scheduling_lateness_ms.p95,0.181848,0.209984,0.028135999999999994,15.472262548941963
2,BA,publish_scheduling_lateness_ms.p99,0.585686,0.934744,0.349058,59.59814644707231
2,BA,publish_scheduling_lateness_ms.max,4.466949,4.536504,0.06955500000000026,1.557103069679111
2,BA,db_scheduling_lateness_ms.mean,0.12410378459486496,0.15230980274385142,0.02820601814898646,22.727766313545228
2,BA,db_scheduling_lateness_ms.p50,0.09011,0.091436,0.0013260000000000077,1.4715347908112353
2,BA,db_scheduling_lateness_ms.p95,0.248669,0.426657,0.177988,71.57627207251407
2,BA,db_scheduling_lateness_ms.p99,0.896456,1.135452,0.23899599999999988,26.660092631428633
2,BA,db_scheduling_lateness_ms.max,3.385944,20.01713,16.631186000000003,491.1831382917143
2,BA,resources.owned_cpu_cores,0.25930356635586116,0.27722253271345787,0.01791896635759671,6.910420326809241
2,BA,resources.worker_cpu_cores,0.21142176346570213,0.22410820320717112,0.012686439741468991,6.000536337181317
2,BA,resources.client_cpu_cores,0.3017902365260022,0.32656745819026617,0.024777221664263993,8.210080600844494
2,BA,resources.owned_cpu_ms_per_delivered_in_sample_span,1.2972334682860998,1.3900343642611686,0.0928008959750688,7.153754373734822
2,BA,resources.worker_cpu_ms_per_delivered_in_sample_span,1.0576923076923077,1.1237113402061858,0.06601903251387808,6.241799437675755
2,BA,resources.rss_sum_mib.mean,184.04055989583333,184.43001853813558,0.3894586423022588,0.21161565826721684
2,BA,resources.rss_sum_mib.max,197.17578125,197.45703125,0.28125,0.14263922182380373
2,BA,resources.worker_rss_mib.mean,34.687890625,34.59043961864407,-0.09745100635593218,-0.28093667444193393
2,BA,resources.worker_rss_mib.max,40.30078125,40.328125,0.02734375,0.06784918096345294
2,BA,resources.client_rss_sum_mib.mean,167.371484375,166.65240995762713,-0.719074417372866,-0.4296277947572924
2,BA,resources.client_rss_sum_mib.max,167.609375,166.890625,-0.71875,-0.4288244616388548
3,AB,confirm_ms.mean,1.1325952842580214,1.197360166051041,0.06476488179301954,5.718272245451561
3,AB,confirm_ms.p50,0.987799,1.016968,0.02916900000000011,2.95292868285959
3,AB,confirm_ms.p95,1.962143,2.138278,0.17613500000000015,8.976664799660373
3,AB,confirm_ms.p99,3.436582,4.187192,0.7506099999999996,21.841760214073158
3,AB,confirm_ms.max,17.514861,56.153174,38.638313,220.60302391209382
3,AB,e2e_ms.mean,1.7784908094919787,1.9026420826057757,0.12415127311379703,6.980709287401976
3,AB,e2e_ms.p50,1.300631,1.331307,0.030675999999999926,2.3585475050187155
3,AB,e2e_ms.p95,3.754586,4.115605,0.3610190000000002,9.615414322644366
3,AB,e2e_ms.p99,5.294287,6.417545,1.1232579999999999,21.216416865953814
3,AB,e2e_ms.max,26.871156,33.664161,6.793005000000001,25.279913525119646
3,AB,db_ms.mean,0.8370975143721634,0.8568294485762145,0.01973193420405106,2.357184660720235
3,AB,db_ms.p50,0.635588,0.640065,0.004476999999999953,0.7043871186995343
3,AB,db_ms.p95,1.743223,1.964987,0.22176400000000007,12.721493463544252
3,AB,db_ms.p99,3.323296,3.881171,0.5578750000000001,16.786798407364255
3,AB,db_ms.max,64.809328,25.035064,-39.774263999999995,-61.37120261453721
3,AB,publish_scheduling_lateness_ms.mean,0.12524211112967915,0.14328666689053055,0.0180445557608514,14.407738418084936
3,AB,publish_scheduling_lateness_ms.p50,0.091796,0.095393,0.003597000000000003,3.918471393089029
3,AB,publish_scheduling_lateness_ms.p95,0.202123,0.276626,0.07450299999999999,36.86022867263992
3,AB,publish_scheduling_lateness_ms.p99,0.971371,1.133878,0.16250699999999996,16.729653242684826
3,AB,publish_scheduling_lateness_ms.max,4.554109,6.240604,1.6864949999999999,37.032381087057864
3,AB,db_scheduling_lateness_ms.mean,0.15238532139855437,0.16209008425460636,0.009704762856051985,6.368568026752253
3,AB,db_scheduling_lateness_ms.p50,0.09602,0.0959,-0.00011999999999999511,-0.12497396375754644
3,AB,db_scheduling_lateness_ms.p95,0.316279,0.461388,0.14510900000000004,45.88006159119007
3,AB,db_scheduling_lateness_ms.p99,1.104178,1.197082,0.09290399999999988,8.413860808673945
3,AB,db_scheduling_lateness_ms.max,42.829929,28.367296,-14.462633,-33.76758574593948
3,AB,resources.owned_cpu_cores,0.2881406854964876,0.2957289862068161,0.0075883007103285105,2.633540174048421
3,AB,resources.worker_cpu_cores,0.22921060475285399,0.23747414535495195,0.008263540602097968,3.6052173986487857
3,AB,resources.client_cpu_cores,0.34193151501247876,0.35912396007502106,0.017192445062542305,5.028037577032007
3,AB,resources.owned_cpu_ms_per_delivered_in_sample_span,1.444768940044666,1.489986187845304,0.04521724780063807,3.1297217532403554
3,AB,resources.worker_cpu_ms_per_delivered_in_sample_span,1.1492870640783373,1.1964779005524864,0.04719083647414912,4.10609654881946
3,AB,resources.rss_sum_mib.mean,182.86122881355934,184.40578654661016,1.544557733050823,0.8446611362464385
3,AB,resources.rss_sum_mib.max,196.31640625,197.58984375,1.2734375,0.6486658574924808
3,AB,resources.worker_rss_mib.mean,34.553959216101696,34.58898305084746,0.03502383474576476,0.10135983123300552
3,AB,resources.worker_rss_mib.max,40.33203125,40.30859375,-0.0234375,-0.05811138014527595
3,AB,resources.client_rss_sum_mib.mean,165.81349311440678,167.46477754237287,1.6512844279660897,0.9958685490249808
3,AB,resources.client_rss_sum_mib.max,166.05078125,167.703125,1.65234375,0.9950833941047676
