pair,status,eligible_for_effect_conclusion,metric,A,B,absolute_delta,change_pct
1,valid_fixed_load_pair,True,confirm_ms.mean,1.087753684245661,0.921121464232116,-0.16663222001354494,-15.318929499108213
1,valid_fixed_load_pair,True,confirm_ms.p50,0.979537,0.828038,-0.15149899999999994,-15.466388712218116
1,valid_fixed_load_pair,True,confirm_ms.p95,1.782027,1.428654,-0.35337299999999994,-19.829834228100918
1,valid_fixed_load_pair,True,confirm_ms.p99,3.02461,2.57992,-0.44469000000000003,-14.70239138269066
1,valid_fixed_load_pair,True,confirm_ms.max,30.240905,8.407997,-21.832908000000003,-72.1966091953928
1,valid_fixed_load_pair,True,e2e_ms.mean,1.7602988050734312,1.9068668055694513,0.14656800049602015,8.326313695924249
1,valid_fixed_load_pair,True,e2e_ms.p50,1.255228,1.271978,0.016750000000000043,1.334418926282721
1,valid_fixed_load_pair,True,e2e_ms.p95,3.654244,3.750705,0.09646100000000013,2.6396978417423833
1,valid_fixed_load_pair,True,e2e_ms.p99,4.688704,4.937604,0.2488999999999999,5.30850315993503
1,valid_fixed_load_pair,True,e2e_ms.max,11.3488,12.927301,1.5785009999999993,13.908968349076556
1,valid_fixed_load_pair,True,db_ms.mean,0.781745708090075,0.7179400141974278,-0.06380569389264723,-8.161950009106455
1,valid_fixed_load_pair,True,db_ms.p50,0.642789,0.567255,-0.0755340000000001,-11.750978937100676
1,valid_fixed_load_pair,True,db_ms.p95,1.605701,1.464768,-0.14093299999999997,-8.777038813577375
1,valid_fixed_load_pair,True,db_ms.p99,2.912561,3.035806,0.12324499999999983,4.23149935743834
1,valid_fixed_load_pair,True,db_ms.max,8.273679,26.688548,18.414869000000003,222.57171205215965
1,valid_fixed_load_pair,True,publish_scheduling_lateness_ms.mean,0.11699532343124165,0.11641252893113223,-0.0005827945001094237,-0.49813486814448416
1,valid_fixed_load_pair,True,publish_scheduling_lateness_ms.p50,0.087736,0.086167,-0.001569000000000001,-1.7883195039664512
1,valid_fixed_load_pair,True,publish_scheduling_lateness_ms.p95,0.165498,0.15986,-0.005638000000000004,-3.40668769411111
1,valid_fixed_load_pair,True,publish_scheduling_lateness_ms.p99,0.952365,0.966761,0.014395999999999964,1.5116053193890977
1,valid_fixed_load_pair,True,publish_scheduling_lateness_ms.max,3.553662,4.847248,1.2935859999999995,36.401492319753515
1,valid_fixed_load_pair,True,db_scheduling_lateness_ms.mean,0.1528631724770642,0.12457538249540671,-0.0282877899816575,-18.505300866957885
1,valid_fixed_load_pair,True,db_scheduling_lateness_ms.p50,0.091733,0.090364,-0.0013689999999999952,-1.4923746089193557
1,valid_fixed_load_pair,True,db_scheduling_lateness_ms.p95,0.424043,0.282655,-0.141388,-33.34284494732845
1,valid_fixed_load_pair,True,db_scheduling_lateness_ms.p99,1.406279,0.823857,-0.5824220000000001,-41.41582146928171
1,valid_fixed_load_pair,True,db_scheduling_lateness_ms.max,4.890113,2.761673,-2.1284400000000003,-43.52537456700899
1,valid_fixed_load_pair,True,resources.owned_cpu_cores,0.2807887579112804,0.27475910731845243,-0.006029650592827951,-2.1473974377325677
1,valid_fixed_load_pair,True,resources.worker_cpu_cores,0.22627665472703912,0.2231785632451724,-0.0030980914818667105,-1.369160899786137
1,valid_fixed_load_pair,True,resources.client_cpu_cores,0.3164444732016017,0.3007179432246131,-0.01572652997698859,-4.969759723681277
1,valid_fixed_load_pair,True,resources.owned_cpu_ms_per_delivered_in_sample_span,1.4057672502574667,1.3743676222596963,-0.03139962799777041,-2.233629215079491
1,valid_fixed_load_pair,True,resources.worker_cpu_ms_per_delivered_in_sample_span,1.132852729145211,1.1163575042158516,-0.01649522492935951,-1.4560784914916414
1,valid_fixed_load_pair,True,resources.rss_sum_mib.mean,185.35679290254237,185.60501302083333,0.24822011829095914,0.13391476751623
1,valid_fixed_load_pair,True,resources.rss_sum_mib.max,198.5703125,212.52734375,13.95703125,7.028760278553725
1,valid_fixed_load_pair,True,resources.worker_rss_mib.mean,34.57421875,34.692578125,0.11835937499999716,0.3423341995254736
1,valid_fixed_load_pair,True,resources.worker_rss_mib.max,40.359375,40.36328125,0.00390625,0.009678668215262753
1,valid_fixed_load_pair,True,resources.client_rss_sum_mib.mean,167.50867319915255,168.28404947916667,0.7753762800141146,0.46288724351142285
1,valid_fixed_load_pair,True,resources.client_rss_sum_mib.max,167.74609375,168.5,0.75390625,0.44943296928485754
2,invalid_gate_or_drift,False,confirm_ms.mean,0.997216718338061,0.9796150622808483,-0.017601656057212756,-1.7650783158296157
2,invalid_gate_or_drift,False,confirm_ms.p50,0.897814,0.877323,-0.020491000000000037,-2.282321282581923
2,invalid_gate_or_drift,False,confirm_ms.p95,1.558514,1.528305,-0.03020899999999993,-1.9383207337245523
2,invalid_gate_or_drift,False,confirm_ms.p99,2.431435,2.842325,0.4108900000000002,16.899074003623383
2,invalid_gate_or_drift,False,confirm_ms.max,28.259602,22.046514,-6.213088000000003,-21.98575903510602
2,invalid_gate_or_drift,False,e2e_ms.mean,1.478379997997664,1.9224027405242945,0.44402274252663054,30.034412203088536
2,invalid_gate_or_drift,False,e2e_ms.p50,1.163219,1.308668,0.14544899999999994,12.504008273592504
2,invalid_gate_or_drift,False,e2e_ms.p95,3.391058,3.772908,0.38185,11.260497461264297
2,invalid_gate_or_drift,False,e2e_ms.p99,4.094583,4.80865,0.714067,17.439309448605634
2,invalid_gate_or_drift,False,e2e_ms.max,33.70706,16.668611,-17.038449,-50.54860613770528
2,invalid_gate_or_drift,False,db_ms.mean,0.7321396911911912,0.7854154922357656,0.05327580104457441,7.276726243033571
2,invalid_gate_or_drift,False,db_ms.p50,0.608847,0.615417,0.006569999999999965,1.079088835126063
2,invalid_gate_or_drift,False,db_ms.p95,1.412595,1.681455,0.2688599999999999,19.033056183831864
2,invalid_gate_or_drift,False,db_ms.p99,2.438707,2.809356,0.37064900000000023,15.198586792099267
2,invalid_gate_or_drift,False,db_ms.max,11.959063,14.922769,2.963706,24.782092041826353
2,invalid_gate_or_drift,False,publish_scheduling_lateness_ms.mean,0.13642320140163525,0.11712750876607113,-0.01929569263556412,-14.143996356423894
2,invalid_gate_or_drift,False,publish_scheduling_lateness_ms.p50,0.109317,0.089681,-0.019636,-17.96243951078057
2,invalid_gate_or_drift,False,publish_scheduling_lateness_ms.p95,0.193483,0.182906,-0.010576999999999975,-5.466630143216699
2,invalid_gate_or_drift,False,publish_scheduling_lateness_ms.p99,0.772887,0.757535,-0.015352000000000032,-1.9863188279787392
2,invalid_gate_or_drift,False,publish_scheduling_lateness_ms.max,8.758254,6.264919,-2.493335000000001,-28.468402492094892
2,invalid_gate_or_drift,False,db_scheduling_lateness_ms.mean,0.151907508008008,0.14421587009517448,-0.007691637912833532,-5.063369160415732
2,invalid_gate_or_drift,False,db_scheduling_lateness_ms.p50,0.091242,0.091016,-0.00022600000000000398,-0.24769294842288403
2,invalid_gate_or_drift,False,db_scheduling_lateness_ms.p95,0.441627,0.377852,-0.06377499999999997,-14.440919599571577
2,invalid_gate_or_drift,False,db_scheduling_lateness_ms.p99,1.083231,1.197611,0.11437999999999993,10.559151279828583
2,invalid_gate_or_drift,False,db_scheduling_lateness_ms.max,4.268249,5.772784,1.5045349999999997,35.249466467396815
2,invalid_gate_or_drift,False,resources.owned_cpu_cores,0.27238005990501984,0.28147602561391255,0.009095965708892706,3.3394389119616674
2,invalid_gate_or_drift,False,resources.worker_cpu_cores,0.22282576682824023,0.229020688319237,0.006194921490996763,2.7801638828295783
2,invalid_gate_or_drift,False,resources.client_cpu_cores,0.3027194230132523,0.3164462504770295,0.013726827463777236,4.534505030150093
2,invalid_gate_or_drift,False,resources.owned_cpu_ms_per_delivered_in_sample_span,1.3634829564630442,1.409926154902971,0.046443198439926725,3.406217746967899
2,invalid_gate_or_drift,False,resources.worker_cpu_ms_per_delivered_in_sample_span,1.1154235572055349,1.1471749957066804,0.03175143850114548,2.8465813094975534
2,invalid_gate_or_drift,False,resources.rss_sum_mib.mean,183.20149739583334,184.5199284957627,1.31843109992937,0.7196617487687407
2,invalid_gate_or_drift,False,resources.rss_sum_mib.max,196.94921875,214.65625,17.70703125,8.990658283583564
2,invalid_gate_or_drift,False,resources.worker_rss_mib.mean,34.72604166666667,34.62076271186441,-0.1052789548022588,-0.30317004112597745
2,invalid_gate_or_drift,False,resources.worker_rss_mib.max,40.42578125,40.41015625,-0.015625,-0.038651077398788036
2,invalid_gate_or_drift,False,resources.client_rss_sum_mib.mean,168.335546875,167.51218220338984,-0.8233646716101646,-0.48912109586786157
2,invalid_gate_or_drift,False,resources.client_rss_sum_mib.max,168.57421875,167.75,-0.82421875,-0.4889352334607855
