cell,pair_eligibility,scope,category,completed,stage,cumulative_us,mean_us_per_completed_call,share_within_category,share_of_all_measured_phase_elapsed
P1-B,valid_fixed_load_pair,worker_lifetime_including_warmup_and_drain,publish,6996,begin_us,67248.755,9.612457833047456,0.043551339807978644,0.012900295781462491
P1-B,valid_fixed_load_pair,worker_lifetime_including_warmup_and_drain,publish,6996,work_us,1354218.516,193.57039965694685,0.8770129761446522,0.25977907559973706
P1-B,valid_fixed_load_pair,worker_lifetime_including_warmup_and_drain,publish,6996,commit_us,122658.703,17.53269053744997,0.07943568404736905,0.023529559006268005
P1-B,valid_fixed_load_pair,worker_lifetime_including_warmup_and_drain,claim_empty,14493,begin_us,128545.001,8.8694542882771,0.09384478303849236,0.024658724672722815
P1-B,valid_fixed_load_pair,worker_lifetime_including_warmup_and_drain,claim_empty,14493,work_us,1161463.844,80.13964286207134,0.847931242750026,0.22280304114290903
P1-B,valid_fixed_load_pair,worker_lifetime_including_warmup_and_drain,claim_empty,14493,commit_us,79752.977,5.502861864348306,0.05822397421148156,0.015298974572126652
P1-B,valid_fixed_load_pair,worker_lifetime_including_warmup_and_drain,claim_success,6996,begin_us,42824.918,6.121343339050886,0.03776045593281238,0.00821508307502313
P1-B,valid_fixed_load_pair,worker_lifetime_including_warmup_and_drain,claim_success,6996,work_us,1000942.294,143.07351257861635,0.882571155976881,0.1920102707146859
P1-B,valid_fixed_load_pair,worker_lifetime_including_warmup_and_drain,claim_success,6996,commit_us,90353.575,12.915033590623214,0.07966838809030664,0.01733248210189995
P1-B,valid_fixed_load_pair,worker_lifetime_including_warmup_and_drain,settle,6996,begin_us,59010.201,8.434848627787307,0.05065454735898326,0.011319897996974868
P1-B,valid_fixed_load_pair,worker_lifetime_including_warmup_and_drain,settle,6996,work_us,1001977.202,143.22144110920527,0.8601004702785293,0.19220879661017057
P1-B,valid_fixed_load_pair,worker_lifetime_including_warmup_and_drain,settle,6996,commit_us,103966.27,14.860816180674671,0.08924498236248748,0.019943798726019393
P2-B,invalid_gate_or_drift,worker_lifetime_including_warmup_and_drain,publish,6997,begin_us,69621.422,9.950181792196657,0.03807751382019666,0.012409266584231237
P2-B,invalid_gate_or_drift,worker_lifetime_including_warmup_and_drain,publish,6997,work_us,1627106.132,232.5433945976847,0.8899007582487575,0.290014095845749
P2-B,invalid_gate_or_drift,worker_lifetime_including_warmup_and_drain,publish,6997,commit_us,131685.465,18.820275117907673,0.07202172793104575,0.023471511978790837
P2-B,invalid_gate_or_drift,worker_lifetime_including_warmup_and_drain,claim_empty,14244,begin_us,133596.904,9.379170457736592,0.09504823977145718,0.023812205337660992
P2-B,invalid_gate_or_drift,worker_lifetime_including_warmup_and_drain,claim_empty,14244,work_us,1192019.394,83.68571988205561,0.8480686436651188,0.21246458358348053
P2-B,invalid_gate_or_drift,worker_lifetime_including_warmup_and_drain,claim_empty,14244,commit_us,79953.172,5.6131123279977535,0.05688311656342393,0.014250789442405997
P2-B,invalid_gate_or_drift,worker_lifetime_including_warmup_and_drain,claim_success,6997,begin_us,45218.927,6.462616407031585,0.039488928069243034,0.008059785388984036
P2-B,invalid_gate_or_drift,worker_lifetime_including_warmup_and_drain,claim_success,6997,work_us,1003940.432,143.4815538087752,0.8767242863823986,0.17894153979469526
P2-B,invalid_gate_or_drift,worker_lifetime_including_warmup_and_drain,claim_success,6997,commit_us,95944.578,13.712244962126626,0.08378678554835849,0.01710108486025418
P2-B,invalid_gate_or_drift,worker_lifetime_including_warmup_and_drain,settle,6997,begin_us,57346.711,8.195899814206088,0.04657216321753788,0.010221431911113018
P2-B,invalid_gate_or_drift,worker_lifetime_including_warmup_and_drain,settle,6997,work_us,1060038.352,151.49897841932255,0.8608737673934582,0.188940388196569
P2-B,invalid_gate_or_drift,worker_lifetime_including_warmup_and_drain,settle,6997,commit_us,113966.608,16.28792453908818,0.09255406938900398,0.02031331707606576
